PDF Field,CRM Field
"Bene 1",""
"Bene 1.0",""
"SSN 1",""
"SSN 1.0",""
"address 1",""
"address 1.0",""
"Relationship 1",""
"Relationship 1.0",""
"amount 1",""
"amount 1.0",""
"Total",""
"C",""
"C. Name","firstname, lastname"
"C. Address line one","homeAddress.line1"
"C. Address line two",""
"C. Address line three","homeAddress.city, homeAddress.state, homeAddress.postalcode"
"not assigned",""
"witnessed",""
"no beneficiary",""
"Clear",""
"Save",""
"Print",""
"Print copies",""
"Witness Signature 1",""
"Witness Signature 2",""
"Witness Address 1",""
"Witness Address 2",""
"Name","firstname, lastname"
"DOB","birthday"
"SSN",""
"Claim Number",""
"Department","federalagency"
"Bureau",""
"Location","businessAddress.city, businessAddress.state, businessAddress.postalcode"
"Signature of Insured/Assignee",""
"date signed",""
"Date of Receipt",""
"Signature of authorized official",""
"Receiving Agency",""
"Title",""
"Type of Insured",""
"I Am",""
"Bene 2",""
"Bene 2.0",""
"Bene 3",""
"Bene 3.0",""
"Bene 4",""
"Bene 4.0",""
"Bene 5",""
"Bene 5.0",""
"Bene 6",""
"Bene 6.0",""
"SSN 2",""
"SSN 2.0",""
"SSN 3",""
"SSN 3.0",""
"SSN 4",""
"SSN 4.0",""
"SSN 5",""
"SSN 5.0",""
"SSN 6",""
"SSN 6.0",""
"address 2",""
"address 2.0",""
"address 3",""
"address 3.0",""
"address 4",""
"address 4.0",""
"address 5",""
"address 5.0",""
"address 6",""
"address 6.0",""
"Relationship 2",""
"Relationship 2.0",""
"Relationship 3",""
"Relationship 3.0",""
"Relationship 4",""
"Relationship 4.0",""
"Relationship 5",""
"Relationship 5.0",""
"Relationship 6",""
"Relationship 6.0",""
"amount 2",""
"amount 2.0",""
"amount 3",""
"amount 3.0",""
"amount 4",""
"amount 4.0",""
"amount 5",""
"amount 5.0",""
"amount 6",""
"amount 6.0",""
